total_packets,tcp_packets,tcp_syn_packets,udp_packets,icmp_packets,avg_len,entropy_src_ip,entropy_src_port,label
2,0,0,0,2,142,0,0,1
2753,0,0,0,2753,142,0.761231609,0,1
2284,0,0,0,2284,142,0.77185005,0,1
2920,0,0,0,2920,142,0.63960976,0,1
2643,0,0,0,2643,142,0.562132699,0,1
2293,0,0,0,2293,142,0.747552086,0,1
2666,0,0,0,2666,142,0.519526952,0,1
2897,0,0,0,2897,142,0.598885958,0,1
2561,0,0,0,2561,142,0.54119776,0,1
1027,1,1,0,1027,142.0116845,0.536664562,0,1
4058,4058,2389,0,0,112.8713652,0.538012062,0,1
2759,2758,1306,0,0,101.3722363,0.640881699,0,1
3230,3231,1709,0,0,106.879257,0.613265752,0,1
3994,3994,1981,0,0,103.5993991,0.600053351,0,1
3297,3297,1538,0,0,100.6484683,0.597711667,0,1
2971,2971,1617,0,0,108.4261192,0.594790169,0,1
2725,2725,1375,0,0,104.4587156,0.59353063,0,1
3469,3469,1755,0,0,104.5909484,0.639197858,0,1
2724,2724,1358,0,0,103.8898678,0.633549354,0,1
2243,2243,1108,0,0,103.3535444,0.52891416,0,1
2509,2509,1248,0,0,103.7409326,0.610138376,0,1
3027,3027,1525,0,0,104.3799141,0.607043554,0,1
2182,2182,1084,0,0,103.6791934,0.616916501,0,1
1601,1600,542,1,0,87.87757651,0.664995345,0.071414626,1
926,0,0,914,12,202.6328294,0.480016199,0.419913596,1
1115,0,0,1102,13,213.2950673,0.543141432,0.482577565,1
1214,0,0,1200,14,215.1647446,0.376058243,0.34365213,1
1299,0,0,1287,12,209.6258661,0.413892425,0.38313316,1
835,0,0,827,8,531.4443114,0.090876121,0,1
2286,0,0,0,2285,142,5.012522807,0,1
1332,0,0,0,1332,142,4.321613527,0,1
1531,0,0,0,1532,142,4.537068779,0,1
1780,0,0,0,1780,142,4.687226416,0,1
1702,0,0,0,1702,142,4.686839491,0,1
2721,0,0,0,2720,141.9478133,6.087669369,0,1
2467,0,0,0,2467,142.0575598,4.897413307,0,1
3237,0,0,0,3238,142,5.061332352,0,1
2350,2,2,0,2348,141.9676596,5.24260152,0,1
2174,2174,1111,0,0,98.84820607,6.124565068,0.750190657,1
2146,2146,1115,0,0,100.1556384,5.085245327,0,1
5981,5981,3088,0,0,99.45226551,6.896373873,0.046896569,1
3562,3555,1758,8,0,96.29590118,6.479106142,0.231394833,1
524,0,0,401,123,48.57251908,3.951243719,0.095030117,1
329,0,0,222,107,51.10638298,3.688879454,0,1
387,0,0,280,107,49.74160207,3.761200116,0,1
340,0,0,251,89,49.32941176,3.663561646,0,1
167,0,0,96,71,53.90419162,2.397895273,0,1
106,0,0,53,53,56,0,0,1
116,0,0,58,58,56,0,0,1
129,0,0,64,65,56.10852713,0,0,1
119,0,0,60,59,55.88235294,0,0,1
119,0,0,59,60,56.11764706,0,0,1
121,0,0,61,60,55.88429752,0,0,1
116,0,0,58,58,56,1.791759469,0,1
134,0,0,67,67,56,0,0,1
2133,1,0,1325,807,52.64603844,5.33753808,0.733972194,1
3550,3550,0,0,0,154,6.507277712,0.492013811,1
2880,2880,0,0,0,154,5.043425117,0.38454292,1
3802,3802,0,0,0,154,5.509388337,0.4981492,1
4092,4092,0,0,0,154,5.472270674,0.472411351,1
4497,4497,0,0,0,154,5.356586275,0.484302179,1
4747,4747,0,0,0,154,6.077642243,0.455449533,1
2918,2918,0,0,0,154,5.627621114,0.516896588,1
3556,3556,0,0,0,154,5.438079309,0.441109008,1
3100,3100,0,0,0,154,5.886104031,0.450561209,1
4723,4723,0,0,0,154,5.560681631,0.429323022,1
3395,3395,0,0,0,154,5.85220248,0.477267994,1
3610,3610,0,0,0,154,6.442540166,0.542260501,1
2706,2705,0,0,0,154,4.859812404,0.404118265,1
1524,1524,0,0,1,160.1417323,5.220355825,0.531978519,1
168,0,0,0,168,5144.571429,0.959614794,0,1
162,0,0,0,162,4982.740741,1.118743336,0,1
130,0,0,0,130,5038,1.011404265,0,1
104,0,0,0,104,5038,1.011404265,0,1
128,0,0,0,128,4968.0625,1.351783994,0,1
146,0,0,0,146,5160.630137,1.546168948,0,1
165,0,0,0,164,4953.212121,1.647918433,0,1
486,0,0,0,487,5518.069959,1.517106397,0,1
131,0,0,0,130,5819.572519,1.468139939,0,1
155,0,0,0,155,5417.032258,0.693147181,0,1
344,0,0,0,345,5454.372093,1.274023062,0,1
171,0,0,0,171,5901.789474,0.938532216,0,1
90,0,0,0,91,5933.2,1.289921983,0,1
1637,0,0,0,1637,6112.568112,1.716142417,0,1
151,1,1,0,150,5657.456954,0.093599963,0.693147181,1
3859,3859,2344,0,0,84.37056232,0.336935514,4.942549803,1
2373,2373,1186,0,0,78.98946481,0.512037383,5.216281939,1
4522,4522,2260,0,0,78.98894295,0.620801223,5.153291594,1
5517,5517,2758,0,0,78.99546855,0.548605363,5.314417,1
4171,4171,2086,0,0,79.00599377,0.576699954,5.662258893,1
4616,4616,2308,0,0,79,0.558499014,5.873517356,1
2155,2154,1082,0,0,79.07935035,0.635208242,5.17399538,1
4059,4058,2022,0,2,79.18502094,0.486342778,5.477480748,1
5481,5476,2736,0,5,79.44791097,0.517698692,5.010635294,1
4970,4969,2485,0,0,78.98993964,0.640603515,5.619012833,1
4733,4734,2338,0,0,78.69892246,0.071584834,4.285331386,1
5206,5206,2734,0,0,80.24855935,0.649654081,5.566882951,1
4050,4050,2033,0,0,79.09876543,0.537441264,5.778946599,1
4749,4749,2371,0,0,78.96315014,0.529706199,5.787327259,1
4682,4682,2351,0,0,79.10679197,0.567839508,5.8098818,1
4869,4870,2487,0,0,79.53912508,0.280919112,6.206247326,1
5053,3390,1443,0,1663,97.24045122,1.135707664,5.724425519,1
2368,263,160,0,2105,135.6047297,5.038713237,2.813355405,1
2496,294,138,0,2202,134.3990385,4.828686602,2.890371758,1
1810,262,141,0,1548,133.1569061,4.464938056,2.833213344,1
2214,382,185,0,1832,130.9945799,4.369971019,2.48490665,1
1414,230,132,0,1184,132.3536068,3.776099389,3.17805383,1
1746,289,126,0,1457,131.0423826,3.886124409,2.890371758,1
1612,258,141,0,1354,132.2890819,4.534010522,3.16342405,1
1598,292,159,0,1306,130.8948686,4.307780372,3.35498757,1
1219,251,120,0,968,128.802297,4.202883822,2.564949357,1
1377,313,165,0,1064,127.9883805,4.323527867,3.433987204,1
1214,250,114,0,964,128.5733114,3.654730429,2.397895273,1
1772,405,210,0,1367,127.8126411,4.658596245,3.871201011,1
1628,313,159,0,1315,129.9643735,4.209055822,2.833213344,1
3122,2161,1024,0,961,97.48750801,1.494467164,6.063604384,1
2241,2241,1121,0,0,79.01115573,0.560399534,6.315326562,1
2247,2247,1124,0,0,79.01112595,0.563313924,6.304069328,1
3507,841,440,0,2666,127.170231,1.101408004,5.439967653,1
2984,174,84,0,2810,138.2761394,0.56522492,2.397895273,1
2159,141,76,0,2018,138.012969,0.562105081,2.079441542,1
2338,139,66,0,2199,138.1796407,0.538533618,2.079441542,1
2765,199,108,0,2566,137.6195298,0.634178999,2.833213344,1
2106,149,69,0,1957,137.4121557,0.67219681,2.63905733,1
3041,246,140,0,2795,137.1831634,0.660041373,2.564949357,1
2798,208,83,0,2589,136.9413867,0.753949616,2.995732274,1
2501,157,78,0,2345,138.0351859,0.636634969,2.615630577,1
2103,135,72,0,1968,138.0627675,0.599274331,1.609437912,1
3312,348,191,0,2964,135.6370773,0.649358094,3.17805383,1
2188,168,87,0,2020,137.2312614,0.470667425,1.609437912,1
2410,154,72,0,2256,137.8705394,0.676639509,3.044522438,1
3330,350,160,0,2980,135.1831832,0.893353072,4.199649766,1
5804,5804,0,0,0,154,0.506639558,5.397536683,1
4456,4456,0,0,0,154,0.283843354,5.955070167,1
3380,3380,0,0,0,154,0.306576749,6.627463502,1
2457,2457,0,0,0,154,0.26924449,5.226907511,1
4006,4006,0,0,0,154,0.320606174,5.680992601,1
4822,4822,0,0,0,154,0.303611301,5.923030194,1
4213,4213,0,0,0,154,0.26734967,6.368724341,1
5638,5638,0,0,0,154,0.340315496,5.959979462,1
5540,5540,0,0,0,154,0.311129155,5.907320854,1
5412,5412,0,0,0,154,0.262863313,5.920054692,1
5383,5383,0,0,0,154,0.324600859,6.713222259,1
3346,3346,0,0,0,154,0.277754075,5.58786628,1
2554,2554,0,0,0,154,0.317633938,6.103158548,1
1424,1424,0,0,0,154,0.396901993,5.227978707,1
3293,3293,0,0,0,105.5031886,6.300785795,0,1
2492,2492,0,0,0,93.00481541,5.030437921,0,1
2942,2942,0,0,0,93.97280761,5.402677382,0,1
2233,2233,0,0,0,93.99104344,5.332718793,0,1
2438,2438,0,0,0,95.85808039,5.318119994,0,1
2281,2281,0,0,0,94.88119246,5.111987788,0,1
2253,2253,0,0,0,92.81491345,4.430816799,0,1
3686,3686,0,0,0,96.28160608,5.638354669,0,1
2604,2604,0,0,0,94.89861751,5.365976015,0,1
2536,2536,0,0,0,93.17586751,5.288267031,0,1
2429,2429,0,0,0,96.09551256,5.252273428,0,1
3276,3276,0,0,0,91.63736264,5.030437921,0,1
3344,3344,0,0,0,101.2488038,5.955837369,0,1
1471,1470,0,1,0,78.73691366,5.093750201,0.074694356,1
269,0,0,255,14,43.45724907,0,3.433987204,1
154,0,0,149,5,42.90909091,0.636514168,2.245952081,1
173,0,0,163,10,43.61849711,0,3.091042453,1
185,0,0,179,6,42.90810811,0,2.833213344,1
418,0,0,412,6,42.40191388,0,3.871201011,1
252,0,0,247,5,42.55555556,0,3.433987204,1
324,0,0,317,7,42.60493827,0,3.17805383,1
129,0,0,123,6,43.30232558,0.348832096,2.197224577,1
92,0,0,85,7,44.13043478,0,1.791759469,1
125,0,0,119,6,43.344,0.500402424,1.609437912,1
101,0,0,95,6,43.66336634,0.562335145,1.386294361,1
91,0,0,85,6,43.84615385,0,0.693147181,1
83,0,0,77,6,44.02409639,0,1.098612289,1
616,1,1,613,2,42.19155844,0.752628397,5.043425117,1
3384,3385,1856,0,0,81.40839243,0.69893841,5.647390527,1
5666,5666,2975,0,0,80.2530886,0.814956474,4.823826953,1
5903,5903,3011,0,0,79.50398103,0.781337322,4.943486609,1
4969,4969,2426,0,0,78.41135037,0.821323675,5.295127171,1
6817,6817,3381,0,0,78.79096377,0.642838769,6.091047274,1
3587,3587,1541,0,0,75.48034569,0.765249349,5.512014519,1
2297,2297,1149,0,0,79.01088376,0.867825746,5.677288362,1
2296,2296,1148,0,0,79,0.867291976,5.658051412,1
2280,2280,1140,0,0,79,0.86783055,5.66836607,1
2292,2292,1146,0,0,79,0.867563228,5.666107826,1
2293,2293,1147,0,0,78.98909725,0.867293975,5.671971044,1
2296,2296,1148,0,0,79,0.867022905,5.666673952,1
2283,2283,1142,0,0,79.0109505,0.867833494,5.66224472,1
4276,4276,2567,0,0,102.9476146,1.262410607,5.478072048,1
5060,5060,2600,0,0,102.9525692,4.132562393,5.149043986,1
4702,4702,2429,0,0,103.1705657,4.865277303,5.607243856,1
6186,6186,3255,0,0,104.0161655,4.812731359,5.748629846,1
2861,2861,1437,0,0,101.5707794,5.009010923,5.728809175,1
4017,4017,2126,0,0,104.3111775,5.114503924,5.762608395,1
4383,4383,2253,0,0,102.5968515,4.543037549,5.414494106,1
4942,4942,2532,0,0,102.5532173,4.207054402,5.155606681,1
3888,3888,2003,0,0,102.7268519,4.383144909,5.28121839,1
3709,3709,1906,0,0,102.7058506,5.150567024,5.734892324,1
3664,3664,1859,0,0,104.095524,4.391965637,4.888251415,1
4014,4014,2217,0,0,109.2316891,5.880532986,5.849554341,1
4544,4544,2353,0,0,105.7825704,5.755742214,5.738194184,1
6187,6186,3112,0,0,104.2902861,5.834810737,5.810489783,1
332,332,0,0,0,54.30120482,4.189654742,4.147645822,1
4483,4483,0,0,0,154,0.664226302,0.664226302,1
4339,4339,0,0,0,154,0.605797499,0.605797499,1
4260,4260,0,0,0,154,0.608897685,0.608897685,1
4410,4410,0,0,0,154,0.618414957,0.618414957,1
4148,4148,0,0,0,154,0.574399011,0.574399011,1
4259,4259,0,0,0,154,0.618133455,0.618133455,1
4260,4260,0,0,0,154,0.595172167,0.595172167,1
4281,4281,0,0,0,154,0.574928924,0.574928924,1
4344,4343,0,0,0,153.9645488,0.595946764,0.595946764,1
4229,4230,0,0,0,154.0364152,0.609771763,0.609771763,1
4445,4445,0,0,0,154,0.644486604,0.644486604,1
3933,3933,0,0,0,154,0.479718052,0.479718052,1
4169,4169,0,0,0,154,0.560605533,0.560605533,1
4445,4445,0,0,0,154,0.613305283,0.613305283,1
4178,4178,0,0,0,154,0.586967016,0.586967016,1
4307,4307,0,0,0,154,0.650860153,0.650860153,1
4289,4289,920,0,0,145.9561669,2.275216001,1.515553924,1
2685,2685,1001,0,0,118.990689,5.738608267,1.023751494,1
3340,3341,1694,0,0,104.7347305,7.175666994,0.385466837,1
789,788,207,1,0,80.34727503,6.611785597,0.040207442,1
866,0,0,860,6,142.0969977,0.678322567,0,1
2776,0,0,0,2776,142,1.235754594,0,1
1,0,0,0,1,142,0,0,1
2697,0,0,0,2697,142,0.704600917,0,1
3500,0,0,0,3500,142,0.630760013,0,1
3742,0,0,0,3742,142,0.582019925,0,1
3066,0,0,0,3067,142.0463144,0.527319088,0,1
2640,0,0,0,2640,142,0.579354462,0,1
2214,0,0,0,2214,142,0.732988706,0,1
3820,0,0,0,3820,142,0.512096203,0,1
4172,0,0,0,4173,142.0340364,0.453189634,0,1
1054,3,3,0,1052,142.0341556,0.715252722,0,1
5888,5888,3246,0,0,109.1290761,0.611055444,0,1
3044,3044,1518,0,0,103.868594,0.638391239,0,1
3169,3169,1584,0,0,103.9842222,0.631694398,0,1
2844,2844,1449,0,0,104.9493671,0.559599433,0,1
3820,3819,1912,0,0,104.078534,0.628712647,0,1
3142,3143,1505,0,0,101.8676003,0.61629822,0,1
3217,3217,1650,0,0,105.2900218,0.602190439,0,1
3196,3196,1599,0,0,104.0312891,0.608833408,0,1
3242,3242,1636,0,0,104.4626774,0.610506368,0,1
2705,2705,1328,0,0,103.0942699,0.628440306,0,1
2844,2844,1427,0,0,104.1758087,0.61937629,0,1
2753,2753,1402,0,0,104.9262623,0.536823124,0,1
2936,2936,1448,0,0,103.3188011,0.628247941,0,1
1597,1596,543,1,0,88.02504696,0.608833408,0,1
2537,0,0,2504,33,143.649192,0.453478625,0.363084364,1
1178,0,0,1165,13,211.2478778,0.450176148,0.385759536,1
1168,0,0,1158,11,202.8476027,0.453221567,0.396410133,1
923,0,0,911,12,200.9339112,0.461600376,0.376770161,1
669,0,0,656,13,201.8565022,0.329544105,0.329544105,1
1312,0,0,1300,13,214.9984756,0.453481186,0.407913034,1
1418,0,0,1411,7,504.5401975,0.435110145,0.395403504,1
1762,0,0,0,1762,142,4.666170433,0,1
1191,0,0,0,1191,142,4.522655554,0,1
1066,0,0,0,1066,142,4.309908368,0,1
1042,0,0,0,1041,142,4.124798297,0,1
1505,0,0,0,1506,142,4.665477798,0,1
1630,0,0,0,1630,142,4.609998256,0,1
2264,0,0,0,2264,142,4.706218658,0,1
2110,0,0,0,2110,142,4.662782064,0,1
2128,0,0,0,2128,142,4.775071544,0,1
2021,0,0,0,2021,142,4.584929933,0,1
1768,0,0,0,1768,142,4.540010683,0,1
2533,0,0,0,2533,142,4.981204658,0,1
2195,1,1,0,2194,142.005467,3.465735903,0,1
1943,1943,1331,0,0,119.1312403,5.619123942,1.195706017,1
1616,1616,827,0,0,99.08044554,6.428567557,0.217213828,1
2168,2168,1146,0,0,100.7712177,6.251620799,0.630982947,1
2155,2140,861,15,0,88.29605568,5.358775646,0.787312318,1
296,0,0,191,106,52.02702703,3.135494216,0,1
207,0,0,135,72,51.73913043,2.833213344,0.691416078,1
377,0,0,294,83,48.16445623,3.713572067,0,1
415,0,0,312,103,48.94939759,3.871201011,0,1
280,0,0,191,89,50.9,3.433987204,0.142505867,1
238,0,0,170,68,50,3.63758616,0,1
99,0,0,50,49,55.85858586,2.63905733,0.257318641,1
106,0,0,53,53,56,1.791759469,0.450561209,1
110,0,0,55,55,56,1.945910149,0.410116318,1
73,0,0,37,37,56.76712329,0,0,1
89,0,0,44,45,56.15730337,0,0,1
97,0,0,49,49,56.1443299,0,0,1
106,0,0,52,53,56,0,0,1
908,1,0,336,571,59.73127753,5.105945474,0.724607288,1
3432,3432,0,0,0,154,5.777652323,0.336495758,1
2879,2879,0,0,0,154,4.787491743,0.306377016,1
3147,3147,0,0,0,154,5.910796644,0.493565192,1
2120,2120,0,0,0,154,5.468060141,0.453940678,1
2305,2305,0,0,0,154,5.361292166,0.431165486,1
1965,1965,0,0,0,154,5.332718793,0.504394507,1
1892,1892,0,0,0,154,5.416100402,0.468007043,1
2786,2786,0,0,0,154,5.926926026,0.439669879,1
2118,2118,0,0,0,154,4.382026635,0.443792295,1
3878,3878,0,0,0,154,5.488937726,0.420552716,1
2005,2005,0,0,0,154,5.575949103,0.431798498,1
2012,2012,0,0,0,154,5.33753808,0.42103757,1
2406,2406,0,0,0,154,5.099866428,0.437235217,1
1165,1164,0,0,1,162.0343348,5.18178355,0.498823048,1
208,0,0,0,208,5081.038462,0.848685558,0,1
134,0,0,0,134,4971.19403,0.900256051,0,1
103,0,0,0,103,4994.543689,1.011404265,0,1
145,0,0,0,145,5068.868966,1.213007566,0,1
161,0,0,0,161,5121.403727,0.992281975,0,1
158,0,0,0,158,4981.341772,1.397145342,0,1
360,0,0,0,360,5958.066667,1.587873838,0,1
369,0,0,0,369,6020.536585,1.011404265,0,1
335,0,0,0,334,5559.086567,1.488036044,0,1
111,0,0,0,112,5562.216216,0.693147181,0,1
86,0,0,0,86,5350.27907,0.693147181,0,1
6,0,0,0,6,6530,0.693147181,0,1
356,0,0,0,356,5918.11236,1.193132076,0,1
1668,0,0,0,1668,6057.71223,1.579451153,0,1
16,1,1,0,15,4449.875,0.214559155,0.693147181,1
3914,3914,2288,0,0,83.22841083,0.497894428,5.201276782,1
3606,3607,1804,0,0,79.02884082,0.56732922,6.533579292,1
1375,1375,688,0,0,79.01818182,0.575834069,6.427923979,1
2253,2253,1126,0,0,78.98890368,0.554620066,5.190837946,1
2637,2637,1318,0,0,78.99051953,0.565843899,6.114436828,1
2936,2936,1468,0,0,79,0.325082973,4.563581355,1
3607,3607,1805,0,0,79.0207929,0.622388254,5.414400953,1
3322,3322,1661,0,0,79,0.649461587,5.117993812,1
3358,3355,1679,0,3,79.47885646,0.624746925,5.434786558,1
3120,3120,1561,0,0,79,0.498194067,5.512925583,1
4103,4103,2082,0,0,79.37167926,0.59321457,5.63764549,1
3771,3771,1925,0,0,79.52373376,0.573889261,6.370320856,1
3249,3249,1625,0,0,79.00769468,0.448706515,6.037103428,1
4085,4086,2044,0,0,79.03157895,0.147767854,5.99572914,1
5032,5032,2253,0,0,76.38672496,0.230323541,6.239093749,1
2176,2176,1088,0,0,79,0.580738786,6.563871012,1
3277,1675,866,0,1602,110.2331401,0.958574379,6.407490103,1
2409,282,152,0,2127,134.8534662,5.162449572,3.389268032,1
1827,303,155,0,1524,131.6475096,4.03669533,2.079441542,1
3091,425,234,0,2666,133.6855387,4.421325084,3.610917913,1
1822,271,135,0,1551,132.6158068,4.396833195,3.17805383,1
1573,279,160,0,1294,131.4774317,4.327531614,2.63905733,1
1448,249,96,0,1199,130.1823204,3.173768834,1.098612289,1
2173,348,208,0,1824,132.6277036,4.585974301,3.091042453,1
1673,314,142,0,1360,129.8123132,4.059866953,3.204777524,1
1353,228,110,0,1125,131.2357724,4.357670901,2.48490665,1
1719,367,192,0,1352,128.796975,4.321311095,3.454498641,1
1487,347,173,0,1140,127.2817754,4.117833285,3.135494216,1
1376,255,122,0,1121,130.125,3.834091387,2.995732274,1
1952,338,165,0,1614,130.9887295,4.629491035,3.496507561,1
3459,2040,977,0,1419,104.2231859,1.758961357,6.310285028,1
2242,2242,1122,0,0,79.02230152,0.562106342,6.656894048,1
2221,2221,1110,0,0,78.98874381,0.562082797,6.601649721,1
3526,863,459,0,2663,126.9705048,1.094027271,5.976350909,1
2490,217,108,0,2273,136.4995984,0.640483115,3.135494216,1
2053,155,70,0,1898,137.0608865,0.603604087,2.397895273,1
2226,153,84,0,2072,137.7744834,0.648602875,2.540036304,1
2039,164,82,0,1876,137.0024522,0.73832844,3.218875825,1
2434,190,95,0,2244,137.0821693,0.772345106,2.890371758,1
2073,132,57,0,1941,137.7713459,0.66086419,2.48490665,1
1969,126,65,0,1843,138.0192991,0.497845444,1.386294361,1
2249,137,77,0,2112,138.3512672,0.410970125,1.098612289,1
2808,303,158,0,2505,135.3176638,0.566663417,2.48490665,1
2181,182,81,0,1999,136.5135259,0.645072078,2.63905733,1
1670,120,61,0,1550,137.502994,0.610441615,2.890371758,1
1493,98,43,0,1395,137.6637642,0.522946359,1.945910149,1
2267,30,0,0,2237,140.8795765,0.607070138,1.945910149,1
2598,2598,0,0,0,154,0.251699993,5.300342697,1
1844,1844,0,0,0,154,0.362210557,4.892268204,1
2334,2334,0,0,0,154,0.23860049,4.921838217,1
3287,3287,0,0,0,154,0.306653916,5.292536348,1
3884,3884,0,0,0,154,0.284299246,5.720646154,1
2671,2670,0,0,0,153.9423437,0.283750949,5.244562751,1
2050,2051,0,0,0,154.075122,0.240148659,5.864795366,1
2093,2092,0,0,0,153.9264214,0.224682034,5.102193796,1
2306,2307,0,0,0,154.0667823,0.268014721,5.975271763,1
2216,2216,0,0,0,154,0.323005162,5.310812404,1
2012,2012,0,0,0,154,0.231179837,4.856870648,1
2509,2509,0,0,0,154,0.300617877,6.101878692,1
1652,1652,0,0,0,154,0.227915276,4.741639378,1
1470,1470,0,0,0,153.8979592,0.486364741,5.290937751,1
3722,3722,0,0,0,100.5475551,5.560681631,0,1
3304,3304,0,0,0,92.99818402,5.068904202,0,1
2497,2497,0,0,0,92.68642371,5.176149733,0,1
1950,1950,0,0,0,93,4.927253685,0,1
2424,2424,0,0,0,92.57260726,4.844187086,0,1
2734,2734,0,0,0,94.49012436,4.795790546,0,1
2830,2830,0,0,0,93.80565371,4.770684624,0,1
2448,2448,0,0,0,93.11356209,5.204006687,0,1
2317,2317,0,0,0,92.97280967,5.293304825,0,1
2239,2239,0,0,0,93.57123716,4.736198448,0,1
2890,2890,0,0,0,93.96539792,4.804021045,0,1
2937,2937,0,0,0,96.21995233,5.476463552,0,1
2004,2004,0,0,0,92.67265469,5.056245805,0,1
1930,1928,0,1,0,83.21036269,5.311324433,0.061894137,1
284,0,0,276,9,42.88732394,0,3.36729583,1
220,0,0,218,2,42.25454545,0,3.17805383,1
287,0,0,276,11,43.07317073,0,3.526360525,1
175,0,0,168,7,43.12,0,3.091042453,1
177,0,0,172,5,42.79096045,0,3.258096538,1
185,0,0,178,7,43.05945946,0,2.944438979,1
190,0,0,184,6,42.88421053,0,2.079441542,1
166,0,0,161,5,42.84337349,0,1.386294361,1
261,0,0,254,7,42.75095785,0,2.197224577,1
89,0,0,83,6,43.88764045,0,0.693147181,1
108,0,0,102,6,43.55555556,0,1.098612289,1
97,0,0,90,7,44.02061856,0,0.693147181,1
116,0,0,110,6,43.44827586,0,0,1
935,1,1,932,2,42.12620321,0.74660189,5.141663557,1
2691,2691,1689,0,0,85.38238573,0.82666439,5.094052262,1
2782,2782,1408,0,0,79.30553559,0.471690337,5.05308371,1
3149,3149,1579,0,0,79.07145125,0.52318287,5.333878259,1
3724,3725,1991,0,0,80.74650913,0.606443779,5.52085282,1
3429,3428,1687,0,0,78.58326043,0.579371271,6.332535019,1
3688,3689,1594,0,0,75.62527115,0.572515709,5.121436331,1
2231,2231,1116,0,0,79.01120574,0.870470563,4.955574043,1
2273,2273,1136,0,0,78.98900132,0.849197348,5.270022505,1
2278,2278,1139,0,0,79,0.87057467,5.408822109,1
2264,2264,1133,0,0,79.02208481,0.871795361,5.386995906,1
2262,2262,1130,0,0,78.95402299,0.874028154,5.264422145,1
2281,2280,1140,0,0,79.01096011,0.822410779,5.206560051,1
3670,3670,2256,0,0,104.5040872,0.829458307,4.931120919,1
3998,3998,2044,0,0,102.2366183,2.59764877,4.583720212,1
3347,3347,1714,0,0,102.1924111,4.261409666,4.992810255,1
3573,3573,1849,0,0,102.7405542,3.238337059,4.576480505,1
3530,3530,1823,0,0,103.0368272,3.16673877,4.299904445,1
3485,3485,1800,0,0,102.2209469,4.115214403,5.021499345,1
3300,3300,1698,0,0,102.3181818,4.692578189,5.41682829,1
3379,3379,1799,0,0,103.6892572,3.031995816,4.364142077,1
2732,2732,1398,0,0,102.2247438,4.553632397,5.169851924,1
2784,2784,1432,0,0,102.1142241,4.872706344,5.645329777,1
2781,2781,1432,0,0,102.633585,4.329623474,5.208847932,1
2751,2751,1414,0,0,102.1643039,4.215003955,4.890283482,1
2528,2528,1293,0,0,105.1075949,5.014731493,5.144821046,1
2839,2839,1213,0,0,96.79675942,5.707110265,5.693293377,1
3992,3992,0,0,0,154,0.686260929,0.686260929,1
4282,4282,0,0,0,154,0.645710106,0.645710106,1
4170,4170,0,0,0,154,0.639822116,0.639822116,1
4120,4120,0,0,0,154,0.633959127,0.633959127,1
4322,4322,0,0,0,154,0.663654696,0.663654696,1
4133,4133,0,0,0,154,0.647693903,0.647693903,1
4014,4014,0,0,0,154,0.612735445,0.612735445,1
4190,4190,0,0,0,154,0.616680693,0.616680693,1
3860,3860,0,0,0,154,0.602243335,0.602243335,1
3934,3934,0,0,0,154,0.6147757,0.6147757,1
3867,3867,0,0,0,154,0.562335145,0.562335145,1
3924,3924,0,0,0,154,0.620845775,0.620845775,1
3991,3991,0,0,0,154,0.576429848,0.576429848,1
3970,3970,0,0,0,154,0.557056798,0.557056798,1
3970,3970,0,0,0,154,0.598037342,0.598037342,1
4099,4099,0,0,0,154,0.656863298,0.656863298,1
2166,2166,858,0,0,122.1902124,3.828621217,1.536253852,1
2665,2665,965,0,0,119.6660413,5.372966088,1.123931458,1
2836,2836,1423,0,0,108.7602257,5.142119102,0.402198227,1
4187,4187,2194,0,0,106.4002866,6.671974576,0.260777882,1
2213,2213,1146,0,0,105.7849074,6.355977936,0.249506128,1
2135,2135,1120,0,0,106.4590164,6.856213409,0.320459197,1
753,752,129,1,0,71.24833997,2.145841753,0.325082973,1
2015,0,0,2008,7,142.0972705,0.767845068,0,1
1662,0,0,1656,6,142.101083,0.685777062,0,1
2129,0,0,2126,3,142.0263034,0.646380192,0,1
3,0,0,0,3,142,0,0,1
1947,0,0,0,1947,142,0.184690772,0,1
1267,2,2,0,1266,142.0189424,0.456334432,0,1
2784,2784,1626,0,0,112.4051724,0.388348495,0,1
2865,2865,1523,0,0,107.1588133,0.650043989,0,1
4785,4785,2430,0,0,104.7836991,0.659580205,0,1
3415,3414,1646,0,0,102.1991215,0.60308451,0,1
3561,3562,1841,0,0,105.698961,0.586235476,0,1
3091,3091,1496,0,0,102.3985765,0.616564552,0,1
3022,3022,1569,0,0,105.9192588,0.617823541,0,1
3007,3007,1472,0,0,102.9524443,0.622049129,0,1
2462,2462,1211,0,0,103.1876523,0.601432567,0,1
2432,2432,1221,0,0,104.2055921,0.637736086,0,1
3096,3096,1579,0,0,105.001292,0.627660357,0,1
3491,3491,1727,0,0,103.4700659,0.600294829,0,1
3059,3059,1549,0,0,104.6374632,0.640603515,0,1
2048,2047,750,1,0,90.63964844,0.677840592,0.049918014,1
917,0,0,910,7,349.6401309,0.141765033,0.141765033,1
448,0,0,442,6,345.7455357,0.177301594,0.177301594,1
498,0,0,492,6,350.7911647,0,0,1
391,0,0,385,6,336.57289,0,0,1
782,0,0,779,3,283.4654731,0,0,1
782,0,0,779,3,283.4654731,0,0,1
1699,0,0,0,1699,142,6.450713856,0,1
2295,4,4,0,2291,142.0880174,6.691900018,0,1
1537,1538,813,0,0,100.3266103,6.825988545,0.727284508,1
1388,1388,694,0,0,98.59654179,4.65396035,0.053801745,1
1792,1791,686,1,0,86.91741071,6.145740498,0.198881949,1
470,0,0,342,128,49.62553191,3.784189634,0,1
490,0,0,379,111,48.34285714,4.158883083,0,1
584,0,0,482,102,46.89041096,4.025351691,0.208899757,1
66,0,0,33,33,56,1.791759469,0,1
134,0,0,67,67,56,2.890371758,0,1
119,0,0,59,60,56.11764706,1.791759469,0,1
123,0,0,62,61,55.88617886,2.197224577,0.348832096,1
137,0,0,68,69,56.10218978,2.302585093,0.500402424,1
123,0,0,62,61,55.88617886,2.833213344,0.691416078,1
195,0,0,97,98,56.07179487,3.828641396,0.677947136,1
149,0,0,75,74,55.90604027,3.496507561,0.692687973,1
95,0,0,47,48,56.14736842,2.772588722,0.685314207,1
187,0,0,106,81,54.12834225,2.944438979,0.691761499,1
1270,1,0,465,804,59.81417323,5.036952602,0.510524356,1
3890,3890,0,0,0,154,6.059123196,0.425937678,1
2641,2642,0,0,0,154,5.147494477,0.444268655,1
1773,1773,0,0,0,154,5.771441123,0.458003917,1
1709,1709,0,0,0,154,5.455321115,0.470614981,1
3047,3047,0,0,0,154,4.682131227,0.517856007,1
2790,2790,0,0,0,154,5.323009979,0.44925034,1
3040,3040,0,0,0,154,5.313205979,0.45969302,1
1881,1881,0,0,0,154,6.139884552,0.405119945,1
1698,1698,0,0,0,154,5.627621114,0.487160459,1
2152,2152,0,0,0,154,5.123963979,0.495411333,1
3287,3287,0,0,0,154,6.073044534,0.467457687,1
1450,1450,0,0,0,154,6.061456919,0.441058783,1
3072,3072,0,0,0,154,5.327876169,0.512279627,1
2022,2021,0,0,1,158.6290801,5.735335374,0.473253137,1
177,0,0,0,177,5063.288136,0.610864302,0,1
156,0,0,0,156,5095.384615,0.562335145,0,1
137,0,0,0,137,5005.328467,0.867563228,0,1
132,0,0,0,132,5038,0.950270539,0,1
103,0,0,0,103,5081.456311,0.636514168,0,1
158,0,0,0,158,4924.683544,1.357977855,0,1
130,0,0,0,130,5382.307692,1.049007421,0,1
98,0,0,0,98,5312.040816,0.983087759,0,1
232,0,0,0,232,6002.655172,1.44023475,0,1
396,0,0,0,396,5942.242424,1.385256647,0,1
132,0,0,0,131,5508.469697,0.562335145,0,1
370,0,0,0,371,5475.021622,1.353234272,0,1
257,0,0,0,256,5856.568093,0,0,1
1304,0,0,0,1305,6012.834356,1.653434431,0,1
335,2,1,0,333,5663.092537,0.648619574,0.693147181,1
3110,3110,1942,0,0,85.22186495,0.553214977,5.552633089,1
2287,2287,1143,0,0,78.98906865,0.569015641,5.755071398,1
1627,1627,814,0,0,79.0153657,0.526159293,6.091015202,1
1622,1622,811,0,0,79,0.551437085,6.219240596,1
2114,2114,1057,0,0,79,0.652712221,4.864614923,1
2080,2080,1040,0,0,79,0.596609899,5.741409101,1
2718,2718,1359,0,0,79,0,5.127186463,1
3580,3578,1787,0,2,79.2575419,0.646292727,5.588153112,1
2839,2834,1420,0,5,79.95280028,0.625287265,5.553897462,1
3286,3286,1643,0,0,79,0.4264615,5.610355254,1
5747,5747,2873,0,0,78.9956499,0.55778768,5.860968749,1
3880,3880,1922,0,0,78.76804124,0.566243302,5.315802302,1
6523,6523,3293,0,0,79.24145332,0.462581353,5.87185972,1
5247,5247,2632,0,0,79.08099867,0.365971352,6.177176981,1
4871,4871,2434,0,0,78.98460275,0.160802028,6.088299655,1
2528,2528,995,0,0,73.67958861,0.591331973,6.376091262,1
3170,1645,849,0,1525,109.7255521,1.238458971,6.384800837,1
1313,161,114,0,1152,135.5506474,4.684394187,2.48490665,1
1740,320,155,0,1420,130.2701149,4.207670266,3.091042453,1
2213,289,134,0,1924,133.5354722,4.574053821,3.258096538,1
2420,359,176,0,2061,132.5818182,4.804131027,2.772588722,1
2366,295,148,0,2071,134.1555368,4.90013865,3.091042453,1
2012,347,184,0,1665,131.3956262,4.587965826,2.833213344,1
2109,341,168,0,1768,131.754386,4.622117392,2.63905733,1
1823,291,154,0,1532,132.1766319,4.715418903,2.197224577,1
1537,285,145,0,1252,130.3994795,4.222325849,3.120291565,1
1565,331,173,0,1234,128.915016,4.267402354,3.044522438,1
1519,305,126,0,1214,128.477946,4.024061638,2.926417555,1
1816,289,150,0,1527,132.1255507,4.493964385,2.397895273,1
1647,273,152,0,1374,132.0279296,4.715636439,2.833213344,1
3126,2258,1076,0,868,95.64555342,1.212216666,6.32274035,1
2264,2264,1132,0,0,79,0.561222261,6.612486674,1
2248,2248,1124,0,0,79,0.561605449,6.554435877,1
3598,790,421,0,2808,128.528627,1.050779871,5.621001463,1
2188,167,78,0,2021,137.0658135,0.564341517,2.079441542,1
2082,141,64,0,1941,137.5773295,0.561182125,2.397895273,1
1829,133,73,0,1696,137.5965008,0.711929284,3.091042453,1
2291,196,97,0,2095,136.5883893,0.54964968,2.48490665,1
2099,170,92,0,1928,136.9966651,0.580990695,1.609437912,1
2158,182,98,0,1977,136.9147359,0.485296803,1.945910149,1
1984,180,74,0,1804,135.8810484,0.605989583,2.944438979,1
1895,164,103,0,1731,137.101847,0.527985273,2.63905733,1
2094,196,86,0,1898,135.8166189,0.545519998,2.708050201,1
1978,132,68,0,1846,137.8463094,0.690546743,2.48490665,1
1975,141,70,0,1834,137.4896203,0.669318997,3.135494216,1
1761,143,67,0,1617,136.6757524,0.62472724,2.48490665,1
2735,35,0,0,2701,140.9469835,0.593204751,1.609437912,1
4448,4448,0,0,0,154,0.444682376,4.224029422,1
3825,3825,0,0,0,154,0.310392586,5.652036089,1
2208,2208,0,0,0,154,0.283377148,5.416860338,1
1828,1828,0,0,0,154,0.321654113,5.212410083,1
2455,2455,0,0,0,154,0.24756766,4.890349128,1
2802,2802,0,0,0,154,0.278060874,4.917208074,1
2778,2778,0,0,0,154,0.256135032,5.025537448,1
2556,2556,0,0,0,154,0.298755173,5.357742267,1
2184,2184,0,0,0,154,0.337515413,5.772800972,1
1745,1745,0,0,0,154,0.276830564,5.273953481,1
2771,2771,0,0,0,154,0.291254233,5.588153112,1
2935,2935,0,0,0,154,0.294042878,5.368422194,1
2131,2131,0,0,0,154,0.320917377,5.553573329,1
1312,1312,0,0,0,153.9618902,0.317785512,5.212410083,1
3146,3146,0,0,0,105.3350286,5.993961427,0,1
2893,2893,0,0,0,92.47217421,5.459585514,0,1
1716,1716,0,0,0,93.91841492,4.828313737,0,1
2804,2804,0,0,0,95.58345221,5.411646052,0,1
3285,3285,0,0,0,94.3805175,5.480638923,0,1
1845,1845,0,0,0,94.43360434,5.093750201,0,1
2354,2354,0,0,0,93.61342396,5.272999559,0,1
2390,2390,0,0,0,93.9790795,4.875197323,0,1
1826,1826,0,0,0,92.60898138,4.983606622,0,1
2607,2607,0,0,0,92.473341,4.394449155,0,1
3612,3612,0,0,0,92.64894795,5.176149733,0,1
2380,2380,0,0,0,94.12605042,5.525452939,0,1
2252,2252,0,0,0,91.89964476,5.442417711,0,1
1842,1841,0,1,0,80.21498371,5.247024072,0.032865199,1
235,0,0,220,15,43.78723404,0.511740073,3.17805383,1
132,0,0,129,3,42.63636364,0,2.302585093,1
361,0,0,358,3,42.23268698,0.28140184,3.610917913,1
225,0,0,222,3,42.37333333,0,3.433987204,1
176,0,0,168,8,43.27272727,0,2.63905733,1
198,0,0,190,8,43.13131313,0,3.091042453,1
213,0,0,208,5,42.657277,0,3.218875825,1
193,0,0,187,6,42.87046632,0,3.663561646,1
215,0,0,209,6,42.78139535,0.402941358,3.583518938,1
159,0,0,152,7,43.2327044,0.655481774,2.397895273,1
104,0,0,99,5,43.34615385,0.661563238,2.079441542,1
96,0,0,89,7,44.04166667,0,0,1
137,0,0,131,6,43.22627737,0.636514168,1.791759469,1
540,1,1,537,2,42.21851852,0.625747711,4.905274778,1
3517,3517,2603,0,0,91.005971,0.619986802,4.808507627,1
2778,2778,1852,0,0,87.33333333,0.544706014,6.116972734,1
2833,2833,1888,0,0,87.32156724,0.545594574,5.284142191,1
4755,4755,2931,0,0,84.82018927,0.620597576,5.287679167,1
5247,5247,3205,0,0,84.54126167,0.558861283,5.441661183,1
4766,4766,2895,0,0,84.37138061,0.488154015,5.593989469,1
3141,3141,1657,0,0,80.37695002,0.558488268,5.470962472,1
4711,4711,3182,0,0,87.77202293,0.490089934,5.910063566,1
4119,4119,2734,0,0,87.18766691,0.598709758,5.661058534,1
4273,4273,2168,0,0,79.36859349,0.580025518,5.599041257,1
4620,4620,2312,0,0,79.02164502,0.595850913,6.221647875,1
4569,4569,2292,0,0,79.08207485,0.627635248,6.307009354,1
4608,4608,2294,0,0,78.89149306,0.590617176,6.235118586,1
4566,4566,2283,0,0,79,0.573154345,6.21792585,1
4533,4533,2282,0,0,79.17096845,0.580102547,6.227807117,1
4544,4544,2258,0,0,78.8459507,0.580793369,6.176501408,1
5497,5497,3192,0,0,94.66763689,0.791326961,6.056805452,1
4043,4043,2163,0,0,100.116745,5.36551179,5.904935833,1
3800,3800,2004,0,0,98.5,4.964501363,5.48689906,1
3088,3088,1639,0,0,98.51101036,4.801737921,5.244540701,1
4015,4015,2135,0,0,99.04358655,5.165324442,5.898219742,1
2581,2581,1419,0,0,99.27314994,5.118190156,5.797049025,1
2978,2978,1602,0,0,98.00604433,4.468678565,5.444531122,1
2960,2960,1622,0,0,99.70945946,4.528214082,5.093090321,1
5508,5508,2992,0,0,99.08896151,4.914226872,5.585415385,1
3492,3493,1880,0,0,99.31901489,4.691973641,5.294228247,1
4609,4610,2437,0,0,99.82338902,5.143579526,5.680677569,1
4336,4336,2219,0,0,99.89483395,5.327122973,5.850476452,1
2901,2901,1514,0,0,106.1889004,5.309485156,5.248623452,1
4907,4907,2266,0,0,100.1993071,6.170897991,6.136240632,1
4496,4496,0,0,0,154,0.656598808,0.656598808,1
4081,4081,0,0,0,154,0.554711069,0.554711069,1
4238,4238,0,0,0,154,0.556244448,0.556244448,1
4221,4221,0,0,0,154,0.492836411,0.492836411,1
4501,4502,0,0,0,154.0342146,0.666278442,0.666278442,1
4556,4556,0,0,0,154,0.664621117,0.664621117,1
4495,4495,0,0,0,154,0.666429496,0.666429496,1
4457,4457,0,0,0,154,0.659896505,0.659896505,1
4378,4378,0,0,0,154,0.616113307,0.616113307,1
4318,4318,0,0,0,154,0.595763448,0.595763448,1
4502,4502,0,0,0,154,0.628908133,0.628908133,1
4322,4322,0,0,0,154,0.588415681,0.588415681,1
3940,3940,0,0,0,154,0.596371211,0.596371211,1
3803,3803,0,0,0,154,0.614179735,0.614179735,1
3648,3648,0,0,0,154,0.642174097,0.642174097,1
3995,3995,0,0,0,154,0.615000676,0.615000676,1
4880,4880,1148,0,0,141.9098361,3.061869509,1.807941767,1
2959,2959,1579,0,0,110.8435282,6.129138671,0.948319873,1
2799,2799,1499,0,0,107.554841,5.567835335,0.142373789,1
667,666,97,1,0,68.67466267,7.456162161,0.19518701,1
3687,0,0,3670,17,142.1291023,0.632067605,0,1
2490,0,0,2484,6,142.0674699,0.604397579,0,1
3370,0,0,3364,6,142.0498516,0.581056413,0,1
1530,0,0,1527,3,142.0366013,0.592237834,0,1
2083,0,0,0,2083,142,1.147393196,0,1
2,0,0,0,1,142,0,0,1
1118,0,0,0,1118,142,0.223294933,0,1
1265,2,2,0,1263,142.0189723,0.528170029,0,1
3432,3432,2048,0,0,113.6736597,0.507055259,0,1
2205,2205,1098,0,0,103.7959184,0.586750641,0,1
3090,3090,1493,0,0,102.3171521,0.572426822,0,1
3482,3482,1786,0,0,105.2923607,0.634105603,0,1
3040,3040,1477,0,0,102.5855263,0.620664526,0,1
2764,2763,1384,0,0,104.052822,0.663654696,0,1
2521,2522,1302,0,0,105.6675922,0.603781044,0,1
2948,2948,1439,0,0,102.8127544,0.635003297,0,1
3345,3345,1687,0,0,104.4334828,0.622198056,0,1
2904,2904,1486,0,0,105.1707989,0.62365485,0,1
3099,3099,1485,0,0,101.9186834,0.628345254,0,1
2258,2258,1147,0,0,104.7971656,0.604093043,0,1
2927,2927,1512,0,0,105.6569867,0.609709733,0,1
1610,1609,514,1,0,85.94906832,0.668537818,0.035724313,1
965,0,0,959,6,329.9046632,0,0,1
705,0,0,699,6,330.0539007,0,0,1
963,0,0,960,3,173.4911734,0.138459857,0,1
2642,0,0,0,2642,141.9788039,6.200781002,0,1
3003,0,0,0,3003,142,6.505835592,0,1
1966,1,1,0,1965,142.0061038,7.113581438,0,1
2191,2191,1124,0,0,98.79689639,6.645319335,0.94408269,1
2899,2899,1535,0,0,101.1541911,7.072215213,0.480900999,1
3087,3087,1620,0,0,100.5338516,6.11640543,0.726044556,1
2557,2554,1081,2,0,90.35666797,6.743793304,0.583118196,1
550,0,0,410,141,49.17818182,3.871201011,0,1
449,0,0,331,118,49.35857461,3.871201011,0,1
548,0,0,451,97,46.95620438,4.110873864,0.19609466,1
156,0,0,78,78,56,2.772588722,0,1
124,0,0,62,62,56,2.63905733,0,1
140,0,0,70,70,56,2.944438979,0.206192051,1
138,0,0,69,69,56,3.258096538,0.666278442,1
141,0,0,71,70,55.90070922,2.48490665,0.636514168,1
128,0,0,64,64,56,2.079441542,0.661563238,1
137,0,0,68,69,56.10218978,2.48490665,0.679193266,1
128,0,0,64,64,56,2.564949357,0.429323022,1
133,0,0,67,66,55.89473684,2.708050201,0.673011667,1
144,0,0,72,72,56,1.386294361,0.562335145,1
994,1,0,393,600,59.01408451,4.990432587,0.755672082,1
1704,1703,0,0,1,159.4929577,8.476290757,0.307375489,1
221,0,0,0,221,5139.266968,0.693147181,0,1
130,0,0,0,130,4969.138462,0,0,1
146,0,0,0,146,5038,0.562335145,0,1
154,0,0,0,154,5038,0.979971182,0,1
209,0,0,0,209,4973.751196,1.079734618,0,1
203,0,0,0,203,5148.246305,1.19819706,0,1
236,0,0,0,236,5038,1.78385396,0,1
251,0,0,0,251,5055.832669,1.49856908,0,1
425,0,0,0,424,5469.802353,0.754462702,0,1
452,0,0,0,453,5493.522124,1.594871709,0,1
54,0,0,0,54,5535.333333,1.039720771,0,1
4512,4512,2257,0,0,79.01108156,0.568073602,5.344031505,1
4623,4623,2311,0,0,78.99459226,0.53713522,6.176831928,1
5347,3306,1682,0,2041,103.3188704,0.421590765,5.735260052,1
2747,416,218,0,2331,132.641427,3.015344702,3.950370257,1
2207,434,236,0,1773,130.0416855,4.604380312,2.772588722,1
2113,534,270,0,1579,126.1495504,3.915615795,3.528141868,1
2743,496,226,0,2246,130.1553044,4.682629179,3.663561646,1
3195,575,300,0,2621,130.9020344,5.236115552,3.664481904,1
2619,579,317,0,2041,128.6307751,4.839326683,4.393194429,1
2551,737,355,0,1814,123.5343003,3.288687203,3.936787149,1
2307,513,239,0,1794,127.6116168,4.379048873,3.135494216,1
2869,698,355,0,2171,126.7772743,5.092051999,4.329610708,1
2049,569,299,0,1480,124.8589556,4.14598425,3.223886068,1
2532,860,458,0,1672,121.1548183,3.866104345,4.318626558,1
3065,772,331,0,2293,125.234584,3.821949633,3.677957227,1
4630,1962,1080,0,2668,116.3723542,4.314946616,4.042695453,1
4963,4449,2103,0,514,84.30062462,0.821655485,5.784125981,1
4617,4617,2311,0,0,79.02707386,0.432654886,6.054830243,1
4593,4593,2296,0,0,78.99455693,0.510576724,6.151376628,1
5745,1877,977,0,3868,121.7517842,0.385564869,5.16620531,1
4435,388,172,0,4047,136.2403608,1.049165644,2.306668725,1
4021,264,137,0,3757,137.9258891,0.633932554,2.685945325,1
4173,368,193,0,3805,136.5521208,0.67740433,4.012639757,1
2453,271,129,0,2182,134.9074603,0.756615476,4.240416448,1
1984,223,121,0,1761,135.1582661,0.758412196,2.871476118,1
3797,330,155,0,3467,136.3929418,0.631371127,3.17805383,1
3531,334,169,0,3197,136.0691022,0.616605393,2.564949357,1
3180,326,172,0,2854,135.6830189,0.617451469,2.45831133,1
4048,545,272,0,3503,133.5118577,0.649875907,1.945910149,1
4035,259,96,0,3776,137.5410161,0.696283274,2.564949357,1
1973,0,0,0,1973,142,0.520217947,2.079441542,1
3745,0,0,0,3745,142,0.390213338,0,1
2816,1,0,0,2815,142.0042614,0.585593835,0.693147181,1
2682,2682,0,0,0,154,0.319399121,7.549253785,1
1272,1272,0,0,0,154,0.303261608,7.02477351,1
5440,5440,0,0,0,96.74816176,6.11146734,0,1
3169,3169,0,0,0,92.68728305,4.927253685,0,1
4118,4119,0,0,0,93.15735794,5.755742214,0,1
5090,5090,0,0,0,91.98624754,5.135798437,0,1
7995,7995,0,0,0,92.42401501,5.480638923,0,1
7472,7472,0,0,0,92.45021413,5.459585514,0,1
7364,7364,0,0,0,92.36909288,5.556828062,0,1
7973,7973,0,0,0,92.50495422,5.497168225,0,1
7095,7095,0,0,0,92.30866808,5.686975356,0,1
5595,5595,0,0,0,92.75781948,5.877735782,0,1
5377,5377,0,0,0,92.34852148,5.840641657,0,1
7317,7317,0,0,0,92.32854995,5.455321115,0,1
8176,8176,0,0,0,92.33170254,6.208590026,0,1
2485,2480,0,4,0,83.89859155,5.470663157,0.054161236,1
353,0,0,339,15,43.30878187,0,3.258096538,1
211,0,0,205,6,42.79620853,0,3.135494216,1
278,0,0,274,4,42.4028777,0,3.931825633,1
697,0,0,689,8,42.32137733,0.503501955,4.48863637,1
267,0,0,261,6,42.62921348,0.233791659,2.772588722,1
75,0,0,68,7,44.61333333,0,0,1
74,0,0,68,6,44.27027027,0,0,1
86,0,0,80,6,43.95348837,0,0,1
149,0,0,143,6,43.12751678,0,0,1
103,0,0,97,6,43.63106796,0,0,1
91,0,0,85,6,43.84615385,0,0.693147181,1
103,0,0,97,6,43.63106796,0,1.609437912,1
119,0,0,112,7,43.64705882,0,1.609437912,1
1294,1,1,1291,2,42.09119011,0.721336603,5.198497031,1
3323,3323,2439,0,0,90.69876618,0.666741084,5.416895062,1
2877,2877,1918,0,0,87.33333333,0.640009748,4.17438727,1
4704,4704,2703,0,0,82.73086735,0.576826179,5.74709635,1
4023,4023,2370,0,0,83.45563013,0.509620126,5.444662768,1
3278,3278,2005,0,0,84.58267236,0.536734924,5.357742267,1
3803,3803,2294,0,0,84.16039968,0.596172516,5.731733185,1
3467,3467,2308,0,0,87.28526103,0.563711107,6.293205118,1
3212,3212,2139,0,0,87.29701121,0.607797744,6.360439714,1
4641,4641,2441,0,0,80.29821159,0.59012349,5.954082228,1
4323,4323,2180,0,0,79.21397178,0.578454951,6.192145412,1
4608,4608,2287,0,0,78.81553819,0.630155923,6.396643372,1
4604,4604,2300,0,0,78.97827976,0.574959871,6.310021166,1
4593,4593,2297,0,0,79.00544307,0.553265581,6.336845995,1
4602,4602,2302,0,0,79.01086484,0.594820725,6.359739287,1
4573,4573,2285,0,0,78.98359939,0.568213464,6.375770223,1
4602,4602,2306,0,0,79.05432421,0.594657053,6.410129663,1
5061,5061,2986,0,0,94.54534677,1.035139457,6.328106253,1
5542,5542,2913,0,0,99.14615662,4.810186993,5.408738879,1
5300,5300,2793,0,0,99.72641509,5.165376865,5.853426672,1
4967,4967,2571,0,0,99.22850815,5.108080511,5.600705396,1
5935,5935,3145,0,0,100.5374895,5.629999821,6.134808364,1
4603,4603,2445,0,0,100.0351944,5.288616096,5.758134805,1
5063,5063,2676,0,0,100.069524,4.977414016,5.707457179,1
4501,4501,2364,0,0,99.92312819,5.400177165,5.855260357,1
4641,4640,2463,0,0,100.1314372,5.579302031,6.089951011,1
7520,7521,3866,0,0,98.75452128,5.033472772,5.582771296,1
4511,4511,2350,0,0,100.1870982,5.83914428,6.387102893,1
2783,2783,1439,0,0,105.6169601,5.777652323,5.708981395,1
7860,7860,4166,0,0,107.0025445,5.828945618,5.808558936,1
5115,5116,2467,0,0,102.2412512,6.021023349,5.973916259,1
180,180,0,0,0,54.55555556,0,0,1
4596,4596,0,0,0,154,0.679418461,0.679418461,1
4375,4375,0,0,0,154,0.599694915,0.599694915,1
4544,4544,0,0,0,154,0.640474901,0.640474901,1
4509,4509,0,0,0,154,0.596645925,0.596645925,1
4304,4304,0,0,0,154,0.596045012,0.596045012,1
4586,4586,0,0,0,154,0.647273552,0.647273552,1
4339,4339,0,0,0,154,0.637677048,0.637677048,1
4219,4219,0,0,0,154,0.609518743,0.609518743,1
4481,4481,0,0,0,154,0.590793584,0.590793584,1
4549,4549,0,0,0,154,0.616781217,0.616781217,1
4356,4356,0,0,0,154,0.601094402,0.601094402,1
4274,4274,0,0,0,154,0.575377479,0.575377479,1
4311,4311,0,0,0,154,0.626258848,0.626258848,1
4360,4360,0,0,0,154,0.487185145,0.487185145,1
4419,4419,0,0,0,154,0.602251882,0.602251882,1
4509,4509,0,0,0,154,0.619537531,0.619537531,1
8991,8990,4713,0,0,106.430208,7.299798996,0.912408781,1
584,583,45,1,0,61.85616438,0.636514168,0,1
2186,0,0,2180,6,142.0768527,0.735097312,0,1
4012,0,0,4007,5,142.0348953,0.596712818,0,1
4596,0,0,4590,6,142.0365535,0.652547659,0,1
2036,0,0,2033,3,142.0275049,0.625661051,0,1
1,0,0,0,1,142,0,0,1
4368,0,0,0,4368,142,0.637634276,0,1
4162,0,0,0,4162,142,0.491153201,0,1
4021,0,0,0,4021,142,0.437729991,0,1
3783,0,0,0,3783,142,0.39835863,0,1
2992,0,0,0,2992,142,0.652912297,0,1
2568,0,0,0,2568,142,0.688231296,0,1
3067,0,0,0,3067,142,0.588705072,0,1
3877,0,0,0,3877,142,0.544639388,0,1
3529,0,0,0,3529,142,0.592718626,0,1
3517,0,0,0,3517,142,0.458421781,0,1
2618,0,0,0,2618,142,0.609537493,0,1
5737,0,0,0,5737,142,0.502590337,0,1
4052,0,0,0,4052,142,0.607754045,0,1
1218,1,1,0,1217,142.0098522,0.587500931,0,1
5002,5002,2775,0,0,109.4778089,0.591559575,0,1
3737,3736,1865,0,0,103.8918919,0.628331493,0,1
3806,3807,1936,0,0,104.8812401,0.606281071,0,1
5055,5055,2499,0,0,103.4362018,0.61441366,0,1
5103,5103,2715,0,0,107.2039976,0.594880254,0,1
4238,4238,2076,0,0,102.9853705,0.594199326,0,1
3224,3224,1558,0,0,102.325062,0.586240499,0,1
2472,2472,1229,0,0,103.7168285,0.567522694,0,1
2950,2950,1557,0,0,106.779661,0.610558108,0,1
4488,4488,2219,0,0,103.442959,0.634554901,0,1
4395,4396,2182,0,0,103.6473265,0.578006421,0,1
3377,3377,1703,0,0,104.4293752,0.622561449,0,1
3146,3146,1529,0,0,102.6013986,0.584524441,0,1
2219,2217,876,2,0,93.51149166,0.577524289,0,1
2510,0,0,2478,32,172.5800797,0.496846482,0.400677854,1
1692,0,0,1680,12,210.3782506,0.445908693,0.410116318,1
1465,0,0,1452,13,203.7706485,0.409028708,0.392977235,1
1945,0,0,1934,11,201.803599,0.42215019,0.388193142,1
2291,0,0,2281,10,194.1257093,0.356933303,0.356933303,1
1339,0,0,1334,5,491.9118745,0.445053951,0.41778163,1
2795,0,0,0,2795,142,5.013635802,0,1
1865,0,0,0,1865,142,5.065645693,0,1
2199,0,0,0,2199,142,5.096696175,0,1
2237,0,0,0,2238,142.0634779,5.430682478,0,1
1794,0,0,0,1795,142,5.940453673,0,1
1671,0,0,0,1671,142,4.465626815,0,1
2461,2,2,0,2459,142.0097521,5.247652243,0,1
2393,2393,1458,0,0,109.9339741,5.977119003,1.01154071,1
1691,1691,904,0,0,101.4866943,7.118269851,0.123659262,1
2386,2385,991,1,0,88.88600168,7.025199102,0.187708497,1
668,0,0,536,132,47.53293413,4.290459441,0.542729009,1
447,0,0,328,119,49.4541387,3.80666249,0,1
400,0,0,273,127,50.89,3.713572067,0.114665282,1
145,0,0,76,69,55.32413793,2.48490665,0,1
129,0,0,64,65,56.10852713,2.564949357,0.271189373,1
141,0,0,71,70,55.90070922,2.564949357,0,1
150,0,0,75,75,56,2.302585093,0.500402424,1
139,0,0,69,70,56.10071942,2.772588722,0.562335145,1
143,0,0,72,71,55.9020979,2.302585093,0,1
137,0,0,68,69,56.10218978,3.784189634,0.689009238,1
129,0,0,65,64,55.89147287,2.708050201,0.690923309,1
132,0,0,66,66,56,3.044522438,0.682908105,1
124,0,0,62,62,56,2.63905733,0.651756561,1
1159,2,0,468,689,58.83865401,4.96284463,0.641117982,1
4155,4155,0,0,0,154,6.100318952,0.537700214,1
3457,3457,0,0,0,154,5.545177444,0.384302231,1
2163,2163,0,0,0,154,5.153291594,0.533699471,1
2200,2199,0,0,0,154,5.370638028,0.404118265,1
1962,1963,0,0,0,154,5.564520407,0.471509662,1
2420,2419,0,0,0,153.9363636,5.003946306,0.473220381,1
2341,2341,0,0,0,154,5.017279837,0.516490138,1
3308,3308,0,0,0,154,5.416100402,0.529706199,1
3672,3672,0,0,0,154,5.472270674,0.478704175,1
3903,3903,0,0,0,154,5.575949103,0.496172726,1
3741,3741,0,0,0,154,5.501258211,0.590625449,1
2841,2841,0,0,0,154,6.278521424,0.498837901,1
2362,2362,0,0,0,154,6.061456919,0.487874921,1
1132,1131,0,0,1,162.2685512,5.176149733,0.43007162,1
239,0,0,0,239,5056.728033,0.950270539,0,1
185,0,0,0,185,5110.583784,0.79631164,0,1
232,0,0,0,232,4960.827586,1.276719705,0,1
191,0,0,0,191,5014.565445,1.088899975,0,1
383,0,0,0,383,5026.313316,1.37808219,0,1
855,0,0,0,855,5430.631579,1.478243626,0,1
174,0,0,0,174,5552.482759,0.895332666,0,1
28,0,0,0,28,5997.142857,0.693147181,0,1
12,0,0,0,12,3546,0.693147181,0,1
716,1,1,0,715,142.0167598,0,0,1
5364,5364,3069,0,0,111.2147651,0.523462823,0,1
3935,3935,1968,0,0,104.0127065,0.664724021,0,1
3923,3923,1961,0,0,103.9872547,0.620835995,0,1
2981,2981,1491,0,0,104.0167729,0.685765876,0,1
3911,3911,1955,0,0,103.9872155,0.686345053,0,1
4002,4002,2001,0,0,104,0.590535145,0,1
8460,8460,4330,0,0,105.1820331,0.674986981,0,1
7181,7181,3591,0,0,104.0069628,0.693044551,0,1
5365,5365,2683,0,0,104.0093197,0.630904938,0,1
10352,10352,5188,0,0,104.1159196,0.631101928,0,1
8343,8343,4168,0,0,103.9580487,0.690701565,0,1
3906,3906,1953,0,0,104,0.661823308,0,1
4776,4776,2388,0,0,104,0.654937084,0,1
1816,1815,642,1,0,89.37334802,0.680046562,0.059432299,1
4135,0,0,4118,17,520.8116082,0.686643725,0.686643725,1
2644,0,0,2638,6,528.4326778,0.687816928,0.687816928,1
2675,0,0,2667,7,502.6078505,0.690504798,0.690504798,1
3162,0,0,3158,5,501.544592,0.686114613,0.686114613,1
3733,0,0,3728,5,507.2290383,0.692634181,0.692634181,1
3044,0,0,3038,6,467.9618922,0.693147181,0.693147181,1
4083,0,0,4075,8,526.6813617,0.692527136,0.692527136,1
4039,0,0,4033,6,518.8205001,0.692435014,0.692435014,1
3348,0,0,3342,6,450.8494624,0.692909392,0.692909392,1
3048,0,0,3042,6,525.1292651,0.680318443,0.680318443,1
3939,0,0,3933,6,539.5445545,0.683202665,0.683202665,1
3810,0,0,3804,6,529.5139108,0.692957423,0.692957423,1
3059,0,0,3053,6,489.0997058,0.687931944,0.687931944,1
1286,0,0,1283,3,548.2410575,0.778509083,0.685463079,1
3849,0,0,0,3849,142,6.499787041,0,1
3912,0,0,0,3912,142,6.216606101,0,1
3808,0,0,0,3807,142,6.456769656,0,1
4465,0,0,0,4466,142,5.493061443,0,1
4907,0,0,0,4907,142,6.188264123,0,1
6008,0,0,0,6008,142,5.924255797,0,1
5182,0,0,0,5182,142,5.913503006,0,1
5804,0,0,0,5804,142,5.463831805,0,1
5892,0,0,0,5892,142,5.683579767,0,1
6163,0,0,0,6163,142,5.416100402,0,1
7844,0,0,0,7844,142,5.579729826,0,1
4256,0,0,0,4256,142,6.089044875,0,1
8731,0,0,0,8731,142,4.634728988,0,1
3995,1,1,0,3994,142.0030038,5.59471138,0,1
5553,5553,3168,0,0,98.54349001,6.00635316,0,1
3291,3291,1691,0,0,93.03068976,5.497168225,0,1
3786,3786,1969,0,0,93.01215003,5.697093487,0,1
3478,3478,1812,0,0,93.18918919,5.533389489,0,1
3191,3191,1641,0,0,92.51457223,5.529429088,0,1
3829,3829,1977,0,0,92.54792374,5.739792912,0,1
3401,3401,1748,0,0,92.69450162,5.552959585,0,1
2673,2673,1386,0,0,93.09465021,5.616771098,0,1
2584,2584,1334,0,0,94.57662539,5.549076085,0,1
3852,3852,2011,0,0,95.22533749,4.672828834,0,1
3455,3455,1773,0,0,95.3024602,5.402677382,0,1
3623,3623,1881,0,0,93.19403809,5.560681631,0,1
3870,3870,1990,0,0,92.26873385,5.579729826,0,1
2683,2676,1134,7,0,85.12784197,5.497168225,0.066299792,1
765,0,0,630,135,46.94117647,4.418840608,0,1
600,0,0,472,128,47.97333333,4.304065093,0,1
134,0,0,67,67,56,2.708050201,0,1
142,0,0,71,71,56,2.302585093,0.610864302,1
163,0,0,82,81,55.91411043,2.708050201,0.500402424,1
144,0,0,72,72,56,2.772588722,0.482577565,1
129,0,0,64,65,56.10852713,0,0,1
137,0,0,69,68,55.89781022,0,0,1
133,0,0,66,67,56.10526316,0,0,1
147,0,0,74,73,55.9047619,1.791759469,0.693147181,1
134,0,0,67,67,56,1.386294361,0.562335145,1
184,0,0,92,92,56,1.098612289,0.636514168,1
138,0,0,69,69,56,0.693147181,0.693147181,1
1923,1,0,1135,787,53.5174207,5.33753808,0.730169235,1
4345,4345,0,0,0,154,6.692083743,0.69137283,1
5380,5380,0,0,0,154,6.077642243,0.686557066,1
6573,6573,0,0,0,154,6.244166901,0.692919055,1
5003,5003,0,0,0,154,5.973809612,0.685978808,1
5516,5516,0,0,0,154,6.553933404,0.664922238,1
4952,4952,0,0,0,154,6.388561406,0.679240351,1
5381,5381,0,0,0,154,6.226536669,0.659771,1
4000,4000,0,0,0,154,6.719013154,0.690519379,1
3727,3727,0,0,0,154,6.481577129,0.693117866,1
5974,5974,0,0,0,154,5.323009979,0.549952751,1
6921,6921,0,0,0,154,5.894402834,0.636514168,1
6060,6060,0,0,0,154,6.253828812,0.56021255,1
3982,3982,0,0,0,154,6.513230111,0.641858677,1
1920,1919,0,0,1,158.875,5.409939094,0.632289111,1
597,0,0,0,597,5030.502513,0.801546828,0,1
428,0,0,0,428,5038,1.004974605,0,1
380,0,0,0,380,5038,1.015063083,0,1
314,0,0,0,314,5066.509554,0.762104222,0,1
153,0,0,0,153,5944.901961,1.011404265,0,1
133,0,0,0,133,6013.969925,0.897945725,0,1
136,0,0,0,136,5893.705882,0.974314753,0,1
153,0,0,0,153,6061.921569,0.979971182,0,1
164,0,0,0,164,7221.414634,0.923840706,0,1
412,0,0,0,412,7362.912621,0.982900728,0,1
60,0,0,0,59,8022,0.529706199,0,1
146,0,0,0,147,8532.958904,0.465999257,0,1
25,0,0,0,25,9155.92,0.376770161,0,1
